date,up,down,unchanged,limit_up,limit_down,ad_ratio,breadth_pct
2024-11-15,672,262,83,5,2,0.7194860813704497,66.07669616519173
2024-11-18,286,661,71,5,2,0.3020063357972545,28.094302554027507
2024-11-19,781,170,71,14,2,0.8212407991587802,76.4187866927593
2024-11-21,544,370,104,8,2,0.5951859956236324,53.43811394891945
2024-11-22,669,262,87,14,1,0.7185821697099892,65.71709233791748
2024-11-25,791,165,65,14,2,0.8274058577405857,77.47306562193927
2024-11-26,304,627,93,4,0,0.3265306122448979,29.6875
2024-11-27,94,887,42,4,1,0.0958205912334352,9.188660801564028
2024-11-28,221,720,76,1,4,0.234856535600425,21.730580137659786
2024-11-29,616,290,113,10,0,0.6799116997792495,60.45142296368989
2024-12-02,458,478,85,8,0,0.4893162393162393,44.85798237022527
2024-12-03,675,256,91,7,0,0.7250268528464017,66.04696673189824
2024-12-04,561,357,100,14,0,0.6111111111111112,55.10805500982319
2024-12-05,318,611,87,16,1,0.3423035522066738,31.299212598425196
2024-12-06,475,427,118,15,2,0.5266075388026608,46.568627450980394
2024-12-09,283,654,82,7,3,0.3020277481323372,27.77232580961727
2024-12-10,325,612,83,1,4,0.3468516542155816,31.862745098039213
2024-12-11,306,623,94,9,2,0.3293864370290635,29.91202346041056
2024-12-12,339,567,116,7,2,0.3741721854304636,33.17025440313112
2024-12-13,151,819,52,1,3,0.1556701030927835,14.77495107632094
2024-12-16,180,785,57,4,4,0.1865284974093264,17.61252446183953
2024-12-17,568,373,82,19,1,0.6036131774707758,55.5229716520039
2024-12-19,214,750,59,6,2,0.2219917012448132,20.9188660801564
2024-12-20,243,703,84,8,4,0.2568710359408034,23.59223300970874
2024-12-23,828,150,52,12,1,0.8466257668711656,80.3883495145631
2024-12-24,462,460,107,13,0,0.5010845986984815,44.89795918367347
2024-12-25,623,289,117,12,0,0.6831140350877193,60.544217687074834
2024-12-26,478,415,130,12,0,0.5352743561030235,46.72531769305962
2024-12-27,306,605,112,7,2,0.3358946212952799,29.91202346041056
2024-12-30,304,639,83,8,0,0.3223753976670201,29.629629629629623
2024-12-31,372,584,73,4,1,0.3891213389121339,36.15160349854227
2025-01-02,315,621,94,10,0,0.3365384615384615,30.582524271844655
2025-01-03,277,653,99,8,1,0.2978494623655914,26.91933916423712
2025-01-06,741,202,85,12,0,0.7857900318133616,72.08171206225681
2025-01-07,274,696,61,4,1,0.2824742268041237,26.576139670223085
2025-01-08,466,449,111,6,0,0.5092896174863388,45.419103313840154
2025-01-09,132,851,42,4,3,0.1342828077314344,12.878048780487806
2025-01-10,324,608,96,5,2,0.3476394849785407,31.517509727626457
2025-01-13,140,846,43,0,11,0.1419878296146044,13.60544217687075
2025-01-14,792,159,77,7,0,0.832807570977918,77.04280155642024
2025-01-16,755,177,99,10,0,0.8100858369098712,73.22987390882638
2025-01-17,450,471,110,7,0,0.4885993485342019,43.64694471387003
2025-01-20,646,301,82,7,0,0.6821541710665259,62.779397473275026
2025-01-21,451,428,144,3,0,0.5130830489192264,44.086021505376344
2025-01-22,699,227,96,7,0,0.7548596112311015,68.39530332681018
2025-02-03,310,659,59,4,21,0.3199174406604747,30.155642023346303
2025-02-04,370,574,86,8,5,0.3919491525423729,35.92233009708738
2025-02-05,845,110,75,17,0,0.8848167539267016,82.03883495145631
2025-02-06,747,203,76,7,0,0.7863157894736842,72.80701754385966
2025-02-07,504,415,103,10,0,0.5484221980413493,49.31506849315068
2025-02-10,410,529,89,13,0,0.4366347177848775,39.88326848249027
2025-02-11,432,492,103,19,0,0.4675324675324675,42.06426484907498
2025-02-12,433,484,109,15,0,0.4721919302071974,42.20272904483431
2025-02-13,797,166,67,25,0,0.8276220145379024,77.37864077669903
2025-02-14,520,411,97,8,0,0.5585392051557465,50.58365758754864
2025-02-17,632,302,93,9,0,0.6766595289079229,61.53846153846154
2025-02-18,470,438,117,11,1,0.5176211453744494,45.85365853658537
2025-02-20,434,494,102,13,1,0.4676724137931034,42.13592233009709
2025-02-21,671,266,91,10,0,0.7161152614727855,65.27237354085604
2025-02-24,439,496,95,5,1,0.4695187165775401,42.62135922330097
2025-02-25,258,674,96,2,0,0.2768240343347639,25.09727626459144
2025-02-26,426,489,112,7,1,0.4655737704918032,41.48003894839338
2025-02-27,288,666,72,2,2,0.3018867924528302,28.07017543859649
2025-03-03,249,711,66,5,4,0.259375,24.269005847953213
2025-03-04,548,397,81,7,1,0.5798941798941799,53.41130604288499
2025-03-05,645,292,91,5,0,0.688367129135539,62.7431906614786
2025-03-06,303,618,105,6,0,0.3289902280130293,29.53216374269006
2025-03-07,219,716,92,5,1,0.2342245989304812,21.324245374878288
2025-03-10,380,554,93,9,1,0.4068522483940043,37.00097370983447
2025-03-11,195,776,56,4,3,0.2008238928939238,18.9873417721519
2025-03-12,540,395,96,7,1,0.5775401069518716,52.37633365664403
2025-03-13,196,780,52,1,1,0.2008196721311475,19.06614785992218
2025-03-14,693,261,81,5,2,0.7264150943396226,66.95652173913044
2025-03-17,526,405,103,6,3,0.564983888292159,50.870406189555126
2025-03-18,623,293,114,6,3,0.6801310043668122,60.48543689320388
2025-03-20,792,160,76,9,1,0.8319327731092437,77.04280155642024
2025-03-21,313,650,72,4,3,0.3250259605399792,30.24154589371981
2025-03-24,289,670,77,9,2,0.3013555787278415,27.895752895752896
2025-03-25,294,635,106,6,2,0.3164693218514531,28.405797101449277
2025-03-26,615,305,113,10,1,0.6684782608695652,59.53533397870281
2025-03-27,195,744,76,5,0,0.2076677316293929,19.21182266009852
2025-03-28,66,953,14,3,2,0.0647693817468106,6.389157792836399
2025-03-31,30,1001,5,0,40,0.02909796314258,2.8957528957528957
2025-04-01,899,97,33,13,1,0.9026104417670684,87.36637512147716
2025-04-02,635,298,104,4,1,0.6806002143622722,61.23432979749277
2025-04-07,4,1032,0,0,937,0.0038610038610038,0.3861003861003861
2025-04-08,157,861,19,2,421,0.1542239685658153,15.139826422372227
2025-04-09,24,1009,5,1,472,0.0232333010648596,2.312138728323699
2025-04-10,1023,6,3,795,0,0.9941690962099126,99.1279069767442
2025-04-11,563,424,46,24,2,0.5704154002026343,54.50145208131656
2025-04-14,722,267,46,14,0,0.7300303336703741,69.75845410628018
2025-04-15,983,37,17,59,0,0.9637254901960784,94.7926711668274
2025-04-17,385,527,116,9,1,0.4221491228070175,37.45136186770428
2025-04-18,470,463,99,11,2,0.5037513397642015,45.542635658914726
2025-04-21,109,893,30,4,6,0.1087824351297405,10.562015503875967
2025-04-22,237,717,78,9,1,0.2484276729559748,22.96511627906977
2025-04-23,950,55,26,30,0,0.945273631840796,92.1435499515034
2025-04-24,451,471,101,12,0,0.4891540130151844,44.086021505376344
2025-04-25,816,147,69,16,0,0.8473520249221184,79.06976744186046
2025-04-28,762,194,74,14,0,0.797071129707113,73.98058252427184
2025-04-29,870,118,43,27,0,0.8805668016194332,84.38409311348207
2025-04-30,257,709,72,11,0,0.2660455486542443,24.759152215799617
2025-05-02,841,139,57,24,0,0.8581632653061224,81.09932497589199
2025-05-05,255,737,43,11,9,0.2570564516129032,24.637681159420293
2025-05-06,725,249,60,11,0,0.74435318275154,70.11605415860735
2025-05-07,405,536,93,4,1,0.4303931987247609,39.16827852998066
2025-05-08,728,223,80,12,1,0.7655099894847529,70.61105722599417
2025-05-09,632,316,84,8,0,0.6666666666666666,61.240310077519375
2025-05-12,721,239,76,19,0,0.7510416666666667,69.5945945945946
2025-05-13,508,431,92,9,1,0.5410010649627263,49.272550921435496
2025-05-14,731,232,68,21,0,0.7590861889927311,70.90203685741999
2025-05-15,325,630,78,8,0,0.3403141361256545,31.461761858664083
2025-05-16,527,414,92,12,2,0.5600425079702445,51.0164569215876
2025-05-19,217,760,58,10,1,0.2221084953940634,20.966183574879228
2025-05-20,536,390,108,6,0,0.5788336933045356,51.83752417794971
2025-05-22,220,741,70,6,0,0.2289281997918834,21.33850630455868
2025-05-23,435,478,116,10,1,0.4764512595837897,42.27405247813411
2025-05-26,435,497,102,13,1,0.4667381974248927,42.06963249516441
2025-05-27,186,788,60,8,2,0.190965092402464,17.988394584139265
2025-05-28,307,626,96,3,2,0.3290460878885316,29.834791059280857
2025-05-29,469,463,99,5,1,0.5032188841201717,45.489815712900096
2025-06-02,126,871,32,4,1,0.1263791374122367,12.244897959183673
2025-06-03,414,504,113,8,0,0.4509803921568627,40.15518913676043
2025-06-04,807,158,72,16,0,0.8362694300518134,77.82063645130182
2025-06-05,425,492,115,6,0,0.4634678298800436,41.18217054263566
2025-06-06,471,456,101,6,1,0.5080906148867314,45.81712062256809
2025-06-09,312,604,108,7,2,0.3406113537117904,30.46875
2025-06-10,677,262,83,10,0,0.7209797657082002,66.24266144814091
2025-06-11,497,435,100,10,1,0.5332618025751072,48.15891472868217
2025-06-12,419,484,122,6,0,0.4640088593576966,40.8780487804878
2025-06-13,147,833,42,0,1,0.15,14.383561643835616
2025-06-16,566,364,96,8,0,0.6086021505376344,55.16569200779728
2025-06-17,461,435,133,9,0,0.5145089285714286,44.80077745383868
2025-06-19,93,891,39,5,1,0.0945121951219512,9.090909090909092
2025-06-20,220,754,58,6,0,0.2258726899383983,21.31782945736434
2025-06-23,244,724,62,9,0,0.2520661157024793,23.689320388349515
2025-06-24,916,87,21,17,0,0.913260219341974,89.453125
2025-06-25,484,429,114,9,0,0.5301204819277109,47.127555988315486
2025-06-26,688,250,77,15,0,0.7334754797441365,67.7832512315271
2025-06-27,564,375,89,4,0,0.6006389776357828,54.86381322957199
2025-06-30,186,783,58,3,2,0.1919504643962848,18.111002921129504
2025-07-01,683,245,103,9,1,0.7359913793103449,66.24636275460718
2025-07-02,507,409,101,4,0,0.5534934497816594,49.852507374631266
2025-07-03,716,206,73,6,0,0.7765726681127982,71.95979899497488
2025-07-04,129,856,48,2,1,0.1309644670050761,12.487899322362052
2025-07-07,248,716,57,6,0,0.2572614107883817,24.289911851126348
2025-07-08,232,704,76,5,1,0.2478632478632478,22.92490118577075
2025-07-09,548,354,103,6,0,0.6075388026607539,54.5273631840796
2025-07-10,375,535,85,10,2,0.412087912087912,37.68844221105528
2025-07-11,687,239,95,14,0,0.7419006479481641,67.28697355533791
2025-07-14,269,673,74,7,0,0.2855626326963906,26.476377952755904
2025-07-15,557,348,106,8,0,0.6154696132596685,55.093966369930754
2025-07-17,721,209,71,8,0,0.7752688172043011,72.02797202797203
2025-07-18,445,475,107,10,0,0.483695652173913,43.3300876338851
2025-07-21,434,473,117,10,0,0.4785005512679162,42.3828125
2025-07-22,104,888,34,2,1,0.1048387096774193,10.1364522417154
2025-07-23,879,104,44,14,0,0.8942014242115972,85.58909444985395
2025-07-24,450,440,124,7,0,0.5056179775280899,44.37869822485207
2025-07-25,372,528,124,8,0,0.4133333333333333,36.328125
2025-07-28,484,419,125,10,0,0.5359911406423035,47.081712062256805
2025-07-29,195,754,86,6,0,0.2054794520547945,18.84057971014493
2025-07-30,640,263,113,13,0,0.70874861572536,62.99212598425197
2025-07-31,244,680,89,7,0,0.264069264069264,24.086870681145115
2025-08-01,610,325,103,17,0,0.6524064171122995,58.76685934489403
2025-08-04,589,345,97,16,2,0.6306209850107066,57.12900096993211
2025-08-05,643,283,101,13,1,0.6943844492440605,62.6095423563778
2025-08-06,465,451,123,9,0,0.50764192139738,44.75457170356112
2025-08-07,409,509,116,14,1,0.4455337690631808,39.55512572533849
2025-08-08,413,518,112,13,0,0.4436090225563909,39.59731543624161
2025-08-11,399,569,69,19,1,0.4121900826446281,38.47637415621987
2025-08-12,566,365,99,11,0,0.6079484425349087,54.95145631067962
2025-08-13,451,467,111,22,3,0.4912854030501089,43.82896015549077
2025-08-14,614,319,102,14,3,0.6580921757770632,59.32367149758454
2025-08-15,488,453,93,19,0,0.5185972369819342,47.195357833655706
2025-08-18,561,385,93,37,0,0.5930232558139535,53.99422521655438
2025-08-19,290,671,78,18,0,0.3017689906347555,27.91145332050048
2025-08-21,762,177,92,18,0,0.8115015974440895,73.90882638215325
2025-08-22,280,671,88,10,1,0.2944269190325972,26.948989412897017
2025-08-25,655,290,89,33,0,0.6931216931216931,63.34622823984526
2025-08-26,415,520,99,22,0,0.4438502673796791,40.135396518375245
2025-08-27,619,312,109,27,0,0.664876476906552,59.51923076923077
2025-08-28,443,472,106,21,0,0.4841530054644808,43.388834476003915
2025-08-29,393,533,112,25,1,0.4244060475161987,37.861271676300575
2025-09-01,209,765,61,10,5,0.2145790554414784,20.193236714975846
2025-09-02,344,585,104,8,3,0.3702906350914962,33.30106485963214
2025-09-03,613,309,117,25,1,0.6648590021691974,58.99903753609239
2025-09-04,637,319,76,34,1,0.6663179916317992,61.724806201550386
2025-09-05,509,429,100,15,0,0.5426439232409381,49.03660886319846
2025-09-08,500,425,111,11,2,0.5405405405405406,48.26254826254826
2025-09-09,401,542,97,6,0,0.4252386002120891,38.55769230769231
2025-09-10,395,556,94,20,1,0.4153522607781283,37.79904306220095
2025-09-11,148,841,55,9,3,0.1496461071789686,14.17624521072797
2025-09-12,612,324,111,11,1,0.6538461538461539,58.45272206303726
2025-09-15,312,634,99,13,1,0.3298097251585624,29.856459330143544
2025-09-16,520,423,101,19,0,0.5514316012725344,49.808429118773944
2025-09-17,396,542,109,11,0,0.4221748400852878,37.82234957020057
2025-09-18,653,290,104,21,1,0.6924708377518558,62.368672397325696
2025-09-19,449,514,86,12,0,0.4662512980269989,42.802669208770254
2025-09-22,481,470,93,13,0,0.5057833859095688,46.0727969348659
2025-09-23,303,638,101,10,3,0.3219978746014877,29.078694817658352
2025-09-24,418,508,122,10,0,0.4514038876889849,39.88549618320611
2025-09-25,452,451,132,9,1,0.5005537098560354,43.671497584541065
2025-09-26,115,870,53,3,1,0.116751269035533,11.078998073217726
2025-09-30,752,205,81,11,1,0.7857889237199582,72.44701348747591
2025-10-01,329,596,115,5,0,0.3556756756756756,31.634615384615383
2025-10-02,319,606,114,7,1,0.3448648648648648,30.702598652550527
2025-10-03,380,541,121,12,0,0.4125950054288816,36.46833013435701
2025-10-07,580,353,107,16,0,0.6216505894962486,55.769230769230774
2025-10-08,448,491,108,9,0,0.4771033013844515,42.78892072588348
2025-10-09,413,532,102,14,0,0.437037037037037,39.44603629417383
2025-10-13,234,769,46,17,1,0.2333000997008973,22.3069590085796
2025-10-14,241,738,72,13,2,0.2461695607763023,22.930542340627973
2025-10-15,506,459,86,16,0,0.5243523316062176,48.14462416745956
2025-10-16,720,244,87,12,2,0.7468879668049793,68.50618458610846
2025-10-17,352,601,96,7,1,0.3693599160545645,33.55576739752145
2025-10-20,448,492,106,16,0,0.4765957446808511,42.829827915869984
2025-10-21,540,383,125,20,0,0.5850487540628385,51.526717557251914
2025-10-22,682,270,96,15,2,0.7163865546218487,65.07633587786259
2025-10-23,299,643,107,6,1,0.3174097664543524,28.503336510962825
2025-10-27,515,449,86,18,1,0.5342323651452282,49.04761904761904
2025-10-28,230,745,73,6,1,0.2358974358974359,21.946564885496183
2025-10-29,409,517,123,13,1,0.4416846652267818,38.989513822688274
2025-10-30,301,667,83,11,1,0.3109504132231405,28.639391056137015
2025-10-31,376,573,103,6,1,0.3962065331928345,35.741444866920155
2025-11-03,423,536,92,14,0,0.4410844629822732,40.24738344433872
2025-11-04,221,756,69,6,7,0.2262026612077789,21.12810707456979
2025-11-05,349,610,86,9,0,0.3639207507820646,33.39712918660287
2025-11-06,756,220,71,17,0,0.7745901639344263,72.20630372492836
2025-11-07,279,694,73,12,4,0.2867420349434738,26.673040152963672
2025-11-10,360,593,89,14,0,0.3777544596012592,34.548944337811896
2025-11-11,412,542,92,14,6,0.4318658280922431,39.38814531548757
2025-11-12,723,246,80,16,3,0.7461300309597523,68.92278360343184
2025-11-13,495,461,90,23,1,0.5177824267782427,47.32313575525813
2025-11-14,264,698,84,11,5,0.2744282744282744,25.239005736137663
2025-11-17,280,694,75,6,4,0.2874743326488706,26.69208770257388
2025-11-18,98,911,40,1,5,0.0971258671952428,9.342230695900858
2025-11-19,270,691,88,3,0,0.2809573361082206,25.738798856053386
2025-11-20,842,147,60,9,0,0.8513650151668352,80.26692087702574
2025-11-21,149,829,69,1,9,0.1523517382413088,14.231136580706782
2025-11-24,703,263,82,8,0,0.727743271221532,67.08015267175573
2025-11-25,668,286,98,19,1,0.70020964360587,63.49809885931559
2025-11-26,860,139,53,17,1,0.8608608608608609,81.74904942965779
2025-11-27,529,414,105,13,0,0.5609756097560976,50.47709923664122
2025-11-28,566,374,107,8,0,0.6021276595744681,54.05921680993314
2025-12-01,307,663,80,11,1,0.3164948453608247,29.23809523809524
2025-12-02,550,392,110,9,0,0.583864118895966,52.28136882129277
2025-12-03,599,348,107,11,0,0.6325237592397043,56.831119544592035
2025-12-04,531,391,130,20,0,0.5759219088937093,50.475285171102655
2025-12-05,339,615,98,11,1,0.3553459119496855,32.22433460076046
2025-12-08,440,504,108,16,1,0.4661016949152542,41.825095057034225
2025-12-09,417,528,105,16,0,0.4412698412698412,39.714285714285715
2025-12-10,346,605,96,13,0,0.3638275499474238,33.046800382043934
2025-12-11,420,513,115,17,0,0.45016077170418,40.0763358778626
2025-12-12,556,368,127,15,1,0.6017316017316018,52.90199809705043
2025-12-15,510,449,93,18,1,0.5318039624608968,48.47908745247148
2025-12-16,222,770,65,15,1,0.2237903225806451,21.002838221381268
2025-12-17,415,529,111,14,1,0.4396186440677966,39.33649289099526
2025-12-18,349,582,117,6,1,0.3748657357679914,33.30152671755725
2025-12-19,734,220,94,11,1,0.7693920335429769,70.0381679389313
2025-12-22,683,262,104,17,0,0.7227513227513227,65.10962821734985
2025-12-23,347,574,129,11,0,0.3767643865363735,33.04761904761905
2025-12-24,326,612,113,9,1,0.347547974413646,31.01807802093244
2025-12-26,463,478,112,13,0,0.4920297555791711,43.9696106362773
2025-12-29,537,408,108,20,3,0.5682539682539682,50.99715099715099
2025-12-30,324,625,104,12,1,0.3414120126448893,30.76923076923077
2025-12-31,378,574,104,8,0,0.3970588235294117,35.79545454545455
2026-01-02,503,468,89,22,1,0.518022657054583,47.45283018867924
2026-01-05,251,749,62,23,4,0.251,23.634651600753298
2026-01-06,565,388,104,28,0,0.5928646379853095,53.45316934720909
2026-01-07,622,352,82,39,1,0.6386036960985626,58.90151515151515
2026-01-08,374,590,89,13,1,0.3879668049792531,35.51756885090219
2026-01-09,506,448,103,16,2,0.5303983228511531,47.87133396404919
2026-01-12,628,334,94,32,1,0.6528066528066528,59.46969696969697
2026-01-13,389,601,67,22,1,0.3929292929292929,36.80227057710501
2026-01-14,815,166,78,42,0,0.8307849133537207,76.95939565627951
2026-01-15,530,432,98,23,1,0.5509355509355509,50.0
2026-01-16,421,552,87,29,3,0.4326824254881808,39.716981132075475
2026-01-19,563,416,83,42,0,0.575076608784474,53.01318267419962
2026-01-20,347,622,93,26,0,0.3581011351909184,32.674199623352166
2026-01-21,250,726,86,23,3,0.2561475409836065,23.540489642184557
2026-01-22,584,376,102,27,1,0.6083333333333333,54.99058380414312
2026-01-23,450,519,92,27,2,0.4643962848297213,42.41281809613572
2026-01-26,573,388,98,38,0,0.5962539021852237,54.107648725212464
2026-01-27,392,585,85,26,0,0.4012282497441146,36.91148775894539
2026-01-28,470,517,77,25,0,0.4761904761904761,44.17293233082707
2026-01-29,273,704,83,12,3,0.2794268167860798,25.754716981132077
2026-01-30,176,830,54,12,3,0.1749502982107356,16.60377358490566
2026-02-02,157,861,43,6,10,0.1542239685658153,14.797360980207351
2026-02-03,622,338,103,19,0,0.6479166666666667,58.51364063969896
2026-02-04,809,182,67,28,1,0.8163471241170535,76.46502835538752
2026-02-05,330,646,83,14,2,0.3381147540983606,31.1614730878187
2026-02-06,165,846,54,5,9,0.1632047477744807,15.492957746478872
2026-02-09,583,388,91,18,1,0.6004119464469619,54.89642184557438
2026-02-10,560,398,105,12,0,0.5845511482254697,52.681091251175914
2026-02-11,591,402,75,9,3,0.595166163141994,55.33707865168539
2026-02-23,840,179,49,44,1,0.8243375858684985,78.65168539325843
2026-02-24,565,414,87,36,1,0.5771195097037793,53.00187617260788
2026-02-25,511,461,95,34,1,0.5257201646090535,47.891283973758206
2026-02-26,583,400,84,41,3,0.5930824008138352,54.63917525773196
2026-03-02,341,654,72,45,5,0.342713567839196,31.958762886597935
2026-03-03,194,805,69,19,8,0.1941941941941942,18.16479400749064
2026-03-04,59,996,12,7,27,0.0559241706161137,5.5295220243673855
2026-03-05,889,135,42,22,3,0.8681640625,83.39587242026266
2026-03-06,573,408,86,33,4,0.5840978593272171,53.70196813495782
2026-03-09,65,995,8,11,57,0.0613207547169811,6.086142322097379
2026-03-10,766,260,42,21,10,0.746588693957115,71.72284644194757
2026-03-11,884,148,35,59,4,0.8565891472868217,82.84910965323337
2026-03-12,354,656,55,30,2,0.3504950495049505,33.23943661971831
2026-03-13,400,593,74,36,3,0.4028197381671702,37.488284910965326
2026-03-16,532,459,74,38,3,0.5368314833501514,49.95305164319249
2026-03-17,737,253,75,42,1,0.7444444444444445,69.2018779342723
2026-03-18,575,405,87,40,0,0.5867346938775511,53.88940955951266
2026-03-19,227,780,50,34,0,0.2254220456802383,21.475875118259225
2026-03-20,457,537,66,30,5,0.4597585513078471,43.113207547169814
2026-03-23,141,886,37,11,21,0.1372930866601752,13.25187969924812
2026-03-24,444,534,84,8,8,0.4539877300613497,41.80790960451977
2026-03-25,840,163,55,32,1,0.8374875373878365,79.39508506616258
2026-03-26,362,609,78,20,4,0.3728115345005149,34.50905624404194
2026-03-27,419,515,115,21,0,0.4486081370449679,39.942802669208774
2026-03-30,226,772,62,22,1,0.2264529058116232,21.32075471698113
2026-03-31,130,890,44,9,16,0.1274509803921568,12.218045112781954
2026-04-01,913,100,47,35,2,0.9012833168805529,86.13207547169812
2026-04-02,209,788,71,14,7,0.2096288866599799,19.56928838951311
2026-04-07,482,468,118,29,6,0.5073684210526316,45.1310861423221
2026-04-08,878,145,44,60,7,0.8582600195503421,82.28678537956888
2026-04-09,411,566,86,36,2,0.420675537359263,38.66415804327376
2026-04-10,520,452,94,39,1,0.5349794238683128,48.78048780487805
2026-04-13,586,405,74,63,2,0.591321897073663,55.02347417840375
2026-04-14,650,331,85,33,2,0.6625891946992865,60.97560975609756
2026-04-15,583,389,95,31,0,0.5997942386831275,54.63917525773196
2026-04-16,677,315,63,29,0,0.6824596774193549,64.17061611374407
2026-04-17,497,494,79,41,0,0.5015136226034309,46.44859813084112
2026-04-20,462,532,75,55,1,0.4647887323943662,43.21796071094481
2026-04-21,556,425,89,45,0,0.5667686034658511,51.96261682242991
2026-04-22,478,507,83,48,1,0.4852791878172589,44.756554307116104
2026-04-23,132,897,34,14,21,0.1282798833819242,12.417685794920038
2026-04-24,312,691,63,24,7,0.3110667996011964,29.268292682926827
2026-04-27,273,732,60,17,8,0.2716417910447761,25.633802816901408
2026-04-28,655,329,80,42,2,0.665650406504065,61.56015037593985
2026-04-29,515,449,103,28,1,0.5342323651452282,48.26616682286786
2026-04-30,301,695,74,19,1,0.3022088353413654,28.13084112149533
2026-05-04,558,438,74,43,0,0.5602409638554217,52.149532710280376
2026-05-05,638,347,85,42,1,0.6477157360406092,59.62616822429907
2026-05-06,466,524,81,25,6,0.4707070707070707,43.51073762838469
2026-05-07,615,362,95,45,2,0.6294779938587513,57.36940298507462
2026-05-08,376,611,85,23,6,0.3809523809523809,35.07462686567165
2026-05-11,541,473,58,57,3,0.5335305719921104,50.46641791044776
2026-05-12,311,708,54,37,1,0.3052011776251226,28.984156570363467
2026-05-13,330,676,64,23,10,0.3280318091451292,30.8411214953271
2026-05-14,335,677,57,29,9,0.3310276679841897,31.337698783910195
2026-05-15,245,770,56,23,12,0.2413793103448276,22.875816993464053
2026-05-18,451,547,74,29,2,0.4519038076152304,42.07089552238806
2026-05-19,416,576,80,20,9,0.4193548387096774,38.80597014925373
2026-05-20,452,530,88,30,4,0.460285132382892,42.242990654205606
2026-05-21,850,156,65,60,3,0.8449304174950298,79.36507936507937
2026-05-22,625,364,82,61,2,0.6319514661274014,58.35667600373483
2026-05-25,538,469,66,74,2,0.5342601787487586,50.13979496738118
2026-05-26,433,560,83,44,3,0.4360523665659617,40.24163568773234
2026-05-27,333,672,68,25,8,0.3313432835820895,31.03448275862069
2026-05-28,408,591,72,32,5,0.4084084084084084,38.095238095238095
2026-05-29,805,202,69,42,0,0.7994041708043694,74.81412639405205
2026-06-01,767,253,54,66,1,0.7519607843137255,71.41527001862198
2026-06-02,495,502,75,46,2,0.4964894684052156,46.17537313432835
2026-06-03,751,289,37,57,1,0.7221153846153846,69.73073351903436
2026-06-04,457,562,55,36,7,0.4484789008832188,42.5512104283054
2026-06-05,342,671,59,19,10,0.3376110562685094,31.902985074626866
2026-06-08,81,961,26,16,45,0.0777351247600767,7.584269662921349
2026-06-09,761,237,68,57,0,0.7625250501002004,71.38836772983115
2026-06-10,259,748,63,14,17,0.2571996027805363,24.20560747663551
2026-06-11,440,550,74,18,6,0.4444444444444444,41.35338345864661
2026-06-12,808,203,57,42,4,0.7992087042532147,75.65543071161048
2026-06-15,721,276,65,54,4,0.7231695085255767,67.89077212806026
2026-06-16,324,663,74,26,2,0.3282674772036474,30.537229029217723
2026-06-17,631,304,114,42,0,0.6748663101604279,60.15252621544328
2026-06-18,574,395,97,58,3,0.5923632610939112,53.84615384615385
2026-06-22,523,459,73,69,4,0.5325865580448065,49.573459715639814
2026-06-23,236,757,70,17,8,0.2376636455186304,22.201317027281277
2026-06-24,476,496,87,23,4,0.4897119341563786,44.9480642115203
2026-06-25,402,561,87,19,2,0.4174454828660436,38.285714285714285
2026-06-26,75,969,20,7,18,0.0718390804597701,7.048872180451128
2026-06-29,659,322,74,20,5,0.6717635066258919,62.464454976303315
2026-06-30,747,237,66,59,1,0.7591463414634146,71.14285714285714
2026-07-01,417,560,80,35,1,0.4268167860798362,39.45127719962157
2026-07-02,649,323,75,54,1,0.6676954732510288,61.98662846227316
2026-07-03,828,192,48,57,3,0.8117647058823529,77.52808988764045
2026-07-06,534,431,92,30,5,0.5533678756476684,50.52034058656575
2026-07-07,128,892,46,6,26,0.1254901960784313,12.00750469043152
2026-07-08,394,599,69,17,4,0.3967774420946626,37.09981167608286
2026-07-09,411,552,74,22,2,0.4267912772585669,39.63355834136934
2026-07-13,356,653,54,27,16,0.3528245787908821,33.49012229539041
2026-07-14,207,800,50,11,6,0.2055610724925521,19.5837275307474
2026-07-15,893,125,42,36,0,0.8772102161100196,84.24528301886792
2026-07-16,371,597,81,17,7,0.3832644628099173,35.36701620591039
2026-07-17,87,960,23,2,79,0.0830945558739255,8.130841121495328
2026-07-20,377,622,67,10,18,0.3773773773773773,35.36585365853659
2026-07-21,870,142,49,44,2,0.8596837944664032,81.99811498586239
2026-07-22,530,464,68,30,2,0.5331991951710262,49.90583804143126
2026-07-23,375,584,87,7,6,0.3910323253388947,35.85086042065009
2026-07-24,333,645,87,7,10,0.3404907975460122,31.26760563380282
2026-07-27,436,542,96,7,8,0.4458077709611452,40.59590316573557
2026-07-28,96,931,43,2,55,0.0934761441090555,8.97196261682243
2026-07-29,243,777,49,6,64,0.238235294117647,22.73152478952292
2026-07-30,224,775,58,2,25,0.2242242242242242,21.192052980132452
2026-07-31,892,145,37,113,1,0.8601735776277725,83.05400372439479
2026-08-03,648,354,70,64,0,0.6467065868263473,60.44776119402984
2026-08-04,599,397,69,42,0,0.6014056224899599,56.24413145539906
2026-08-05,686,293,93,43,1,0.7007150153217568,63.99253731343284
2026-08-06,530,438,97,20,2,0.5475206611570248,49.76525821596244
2026-08-07,497,509,68,14,3,0.4940357852882703,46.2756052141527
2026-08-10,747,254,69,48,1,0.7462537462537463,69.81308411214954
2026-08-11,385,588,102,13,4,0.39568345323741,35.81395348837209
2026-08-12,615,369,92,22,0,0.625,57.15613382899628
